customer_id,signup_date,city_tier,account_age_days,behavior_profile
C0001,2025-01-31,2,569,stable
C0002,2025-12-30,1,236,stable
C0003,2024-05-10,1,835,high_return
C0004,2025-07-18,1,401,stable
C0005,2025-02-04,3,565,stable
C0006,2024-12-31,2,600,stable
C0007,2024-11-10,1,651,stable
C0008,2022-05-02,2,1574,stable
C0009,2023-04-12,2,1229,stable
C0010,2025-05-23,1,457,stable
C0011,2022-11-27,2,1365,stable
C0012,2022-03-29,2,1608,stable
C0013,2025-10-28,3,299,stable
C0014,2025-01-28,1,572,stable
C0015,2024-05-21,1,824,drift
C0016,2022-05-11,1,1565,stable
C0017,2025-08-25,2,363,high_return
C0018,2024-02-09,1,926,high_return
C0019,2022-12-10,2,1352,stable
C0020,2025-12-08,3,258,stable
C0021,2024-03-16,2,890,stable
C0022,2023-01-21,2,1310,stable
C0023,2025-04-30,3,480,stable
C0024,2024-08-13,2,740,stable
C0025,2022-10-04,2,1419,stable
C0026,2025-03-30,1,511,drift
C0027,2023-04-05,3,1236,high_return
C0028,2025-08-30,1,358,stable
C0029,2022-01-22,1,1674,stable
C0030,2022-09-10,1,1443,stable
C0031,2024-01-18,2,948,stable
C0032,2024-05-06,1,839,stable
C0033,2023-04-20,1,1221,stable
C0034,2024-12-18,1,613,stable
C0035,2023-05-26,1,1185,high_return
C0036,2023-12-01,2,996,stable
C0037,2024-09-02,2,720,stable
C0038,2022-07-09,1,1506,stable
C0039,2024-08-15,2,738,stable
C0040,2023-11-18,2,1009,stable
C0041,2024-08-15,1,738,high_return
C0042,2023-07-17,1,1133,stable
C0043,2025-06-21,3,428,stable
C0044,2024-04-11,2,864,stable
C0045,2025-02-28,1,541,stable
C0046,2023-10-09,2,1049,stable
C0047,2022-01-21,1,1675,stable
C0048,2024-04-20,2,855,stable
C0049,2022-06-16,1,1529,stable
C0050,2025-07-21,1,398,stable
C0051,2023-01-23,1,1308,stable
C0052,2023-08-24,3,1095,high_return
C0053,2022-11-12,2,1380,stable
C0054,2022-01-14,1,1682,stable
C0055,2022-08-30,1,1454,stable
C0056,2024-02-16,2,919,stable
C0057,2025-10-01,1,326,stable
C0058,2023-07-19,1,1131,stable
C0059,2024-06-16,3,798,stable
C0060,2025-09-25,1,332,high_return
C0061,2022-04-02,2,1604,stable
C0062,2025-10-22,3,305,high_return
C0063,2024-08-13,1,740,stable
C0064,2025-12-22,1,244,high_return
C0065,2023-05-24,1,1187,stable
C0066,2024-02-15,3,920,stable
C0067,2022-02-04,3,1661,high_return
C0068,2022-07-25,3,1490,stable
C0069,2025-01-09,1,591,high_return
C0070,2025-11-12,3,284,stable
C0071,2024-10-22,3,670,stable
C0072,2024-10-18,2,674,stable
C0073,2025-11-14,3,282,drift
C0074,2023-07-20,3,1130,stable
C0075,2025-02-03,2,566,stable
C0076,2023-12-04,2,993,stable
C0077,2023-02-06,1,1294,stable
C0078,2023-12-31,1,966,stable
C0079,2022-06-11,2,1534,stable
C0080,2022-07-21,1,1494,stable
C0081,2024-09-22,3,700,stable
C0082,2022-09-27,3,1426,stable
C0083,2024-03-26,3,880,high_return
C0084,2025-07-18,1,401,stable
C0085,2023-04-01,1,1240,stable
C0086,2025-06-29,1,420,stable
C0087,2024-10-13,2,679,stable
C0088,2022-10-23,3,1400,stable
C0089,2023-12-21,3,976,stable
C0090,2022-12-04,2,1358,stable
C0091,2024-05-28,3,817,high_return
C0092,2024-12-12,3,619,stable
C0093,2024-03-02,1,904,drift
C0094,2022-08-05,3,1479,high_return
C0095,2024-02-03,1,932,stable
C0096,2022-07-07,1,1508,stable
C0097,2023-01-15,2,1316,stable
C0098,2023-05-08,1,1203,stable
C0099,2024-11-30,2,631,stable
C0100,2025-03-26,2,515,stable
C0101,2022-01-15,2,1681,stable
C0102,2022-03-06,1,1631,stable
C0103,2023-06-05,2,1175,stable
C0104,2025-09-29,2,328,stable
C0105,2025-02-26,2,543,high_return
C0106,2023-10-10,2,1048,stable
C0107,2024-12-22,1,609,stable
C0108,2025-03-08,2,533,stable
C0109,2023-08-16,1,1103,stable
C0110,2023-01-27,2,1304,stable
C0111,2023-02-23,3,1277,drift
C0112,2022-10-16,2,1407,stable
C0113,2023-01-14,2,1317,stable
C0114,2022-08-19,3,1465,stable
C0115,2024-10-14,3,678,high_return
C0116,2022-02-10,3,1655,stable
C0117,2024-11-17,3,644,stable
C0118,2022-05-15,1,1561,stable
C0119,2022-07-20,1,1495,stable
C0120,2024-02-19,2,916,stable
C0121,2024-07-18,1,766,stable
C0122,2024-11-22,2,639,high_return
C0123,2024-12-07,1,624,stable
C0124,2023-05-18,2,1193,stable
C0125,2023-02-11,2,1289,stable
C0126,2024-03-15,2,891,stable
C0127,2022-04-09,2,1597,stable
C0128,2023-11-15,3,1012,stable
C0129,2023-12-27,2,970,high_return
C0130,2024-08-18,3,735,stable
C0131,2023-09-05,1,1083,stable
C0132,2023-10-05,3,1053,stable
C0133,2024-10-25,2,667,stable
C0134,2025-05-26,1,454,stable
C0135,2023-05-18,1,1193,stable
C0136,2024-02-06,2,929,stable
C0137,2023-02-02,1,1298,high_return
C0138,2024-05-20,1,825,stable
C0139,2024-03-05,2,901,stable
C0140,2023-01-28,2,1303,stable
C0141,2022-07-26,2,1489,drift
C0142,2024-11-04,3,657,stable
C0143,2024-06-10,2,804,stable
C0144,2024-05-13,2,832,stable
C0145,2024-01-13,1,953,stable
C0146,2025-06-18,2,431,stable
C0147,2023-07-18,1,1132,stable
C0148,2024-10-17,3,675,stable
C0149,2022-04-06,3,1600,stable
C0150,2023-04-30,2,1211,stable
C0151,2025-12-01,1,265,stable
C0152,2022-08-19,3,1465,stable
C0153,2024-01-19,3,947,stable
C0154,2025-04-09,1,501,drift
C0155,2023-06-25,1,1155,stable
C0156,2024-11-25,3,636,high_return
C0157,2023-06-09,1,1171,stable
C0158,2025-03-29,3,512,stable
C0159,2025-06-20,2,429,drift
C0160,2025-01-14,1,586,stable
C0161,2023-08-01,3,1118,stable
C0162,2023-11-13,1,1014,stable
C0163,2023-07-11,2,1139,stable
C0164,2024-10-09,1,683,stable
C0165,2023-10-08,1,1050,stable
C0166,2024-03-06,2,900,stable
C0167,2024-11-17,2,644,stable
C0168,2025-09-25,2,332,stable
C0169,2025-09-16,3,341,stable
C0170,2025-10-03,2,324,stable
C0171,2025-06-08,1,441,stable
C0172,2022-07-09,1,1506,high_return
C0173,2025-06-02,3,447,stable
C0174,2025-11-09,3,287,drift
C0175,2025-11-01,2,295,stable
C0176,2025-07-30,1,389,stable
C0177,2023-09-25,1,1063,stable
C0178,2023-09-20,2,1068,stable
C0179,2024-08-30,3,723,stable
C0180,2025-07-06,2,413,stable
C0181,2025-10-14,3,313,stable
C0182,2023-12-11,3,986,drift
C0183,2025-12-05,1,261,stable
C0184,2023-10-11,2,1047,stable
C0185,2022-11-14,1,1378,stable
C0186,2025-06-02,1,447,stable
C0187,2025-06-11,3,438,stable
C0188,2023-11-15,2,1012,stable
C0189,2023-10-26,2,1032,high_return
C0190,2025-10-29,1,298,stable
C0191,2025-06-10,1,439,stable
C0192,2025-02-10,1,559,stable
C0193,2023-03-18,1,1254,stable
C0194,2023-07-18,2,1132,stable
C0195,2025-07-15,1,404,stable
C0196,2025-11-10,2,286,stable
C0197,2025-11-11,1,285,stable
C0198,2025-02-10,1,559,stable
C0199,2024-08-09,1,744,stable
C0200,2025-01-09,2,591,stable
C0201,2023-11-30,2,997,stable
C0202,2022-04-23,2,1583,stable
C0203,2022-01-02,2,1694,high_return
C0204,2023-10-04,2,1054,high_return
C0205,2022-08-08,1,1476,stable
C0206,2024-05-04,1,841,stable
C0207,2025-06-02,3,447,stable
C0208,2023-01-20,2,1311,stable
C0209,2025-11-27,1,269,high_return
C0210,2025-02-27,3,542,stable
C0211,2024-12-12,3,619,drift
C0212,2023-12-31,1,966,high_return
C0213,2025-12-10,2,256,stable
C0214,2022-09-04,2,1449,stable
C0215,2024-04-15,2,860,stable
C0216,2022-07-22,1,1493,high_return
C0217,2025-04-22,1,488,stable
C0218,2022-05-03,2,1573,high_return
C0219,2023-02-05,2,1295,stable
C0220,2024-02-06,3,929,stable
C0221,2022-10-21,2,1402,high_return
C0222,2022-10-07,1,1416,stable
C0223,2024-06-02,2,812,stable
C0224,2022-07-17,1,1498,stable
C0225,2024-09-08,2,714,stable
C0226,2024-01-22,2,944,stable
C0227,2022-05-24,1,1552,stable
C0228,2023-09-01,2,1087,high_return
C0229,2025-05-09,1,471,high_return
C0230,2025-02-21,1,548,stable
C0231,2022-07-06,1,1509,stable
C0232,2025-09-11,1,346,stable
C0233,2023-04-09,3,1232,stable
C0234,2025-10-04,2,323,drift
C0235,2023-10-22,1,1036,stable
C0236,2024-02-03,2,932,stable
C0237,2024-08-12,1,741,stable
C0238,2023-02-07,3,1293,stable
C0239,2025-10-01,2,326,stable
C0240,2022-05-27,3,1549,stable
C0241,2025-03-17,1,524,stable
C0242,2024-05-13,2,832,stable
C0243,2023-05-04,2,1207,stable
C0244,2024-07-17,3,767,stable
C0245,2023-07-05,1,1145,stable
C0246,2022-12-04,1,1358,stable
C0247,2024-05-21,3,824,stable
C0248,2023-10-03,2,1055,stable
C0249,2023-04-18,1,1223,stable
C0250,2022-05-31,1,1545,stable
C0251,2025-12-09,3,257,high_return
C0252,2025-08-14,1,374,high_return
C0253,2022-09-20,2,1433,stable
C0254,2022-05-24,3,1552,high_return
C0255,2022-12-12,1,1350,stable
C0256,2023-09-16,2,1072,stable
C0257,2024-10-13,1,679,stable
C0258,2024-05-30,1,815,stable
C0259,2022-01-02,3,1694,stable
C0260,2024-06-15,3,799,stable
C0261,2025-08-20,2,368,stable
C0262,2022-09-11,2,1442,stable
C0263,2023-03-29,1,1243,stable
C0264,2024-11-26,1,635,high_return
C0265,2025-03-29,1,512,stable
C0266,2024-10-11,1,681,stable
C0267,2022-01-09,1,1687,stable
C0268,2025-06-10,1,439,stable
C0269,2025-01-27,1,573,stable
C0270,2024-03-26,1,880,stable
C0271,2022-07-27,2,1488,stable
C0272,2025-02-28,3,541,stable
C0273,2023-02-08,1,1292,stable
C0274,2022-06-01,3,1544,stable
C0275,2022-02-23,3,1642,stable
C0276,2025-02-17,1,552,stable
C0277,2023-09-20,3,1068,stable
C0278,2023-08-10,2,1109,stable
C0279,2025-12-14,2,252,high_return
C0280,2025-12-16,1,250,high_return
C0281,2022-04-14,2,1592,drift
C0282,2022-09-11,1,1442,stable
C0283,2025-06-04,2,445,stable
C0284,2025-02-09,2,560,stable
C0285,2023-05-25,2,1186,stable
C0286,2022-04-09,2,1597,stable
C0287,2022-06-02,2,1543,stable
C0288,2024-07-02,1,782,high_return
C0289,2024-05-27,1,818,stable
C0290,2022-12-04,3,1358,high_return
C0291,2024-04-01,1,874,stable
C0292,2025-04-01,1,509,stable
C0293,2024-08-14,1,739,stable
C0294,2022-06-10,1,1535,stable
C0295,2024-03-11,3,895,stable
C0296,2023-02-02,2,1298,stable
C0297,2025-07-24,3,395,stable
C0298,2024-03-26,2,880,stable
C0299,2025-11-16,2,280,high_return
C0300,2025-03-04,1,537,stable
C0301,2025-05-03,2,477,high_return
C0302,2023-02-05,1,1295,stable
C0303,2023-10-02,3,1056,stable
C0304,2024-11-22,3,639,stable
C0305,2023-11-19,1,1008,stable
C0306,2023-04-05,3,1236,stable
C0307,2024-08-12,3,741,stable
C0308,2023-04-15,2,1226,stable
C0309,2025-10-30,1,297,stable
C0310,2024-11-11,2,650,stable
C0311,2024-01-20,2,946,stable
C0312,2022-02-07,1,1658,stable
C0313,2022-08-18,1,1466,stable
C0314,2025-10-20,3,307,stable
C0315,2023-07-17,1,1133,stable
C0316,2023-03-14,2,1258,stable
C0317,2025-07-30,3,389,stable
C0318,2022-01-27,3,1669,stable
C0319,2022-08-14,1,1470,stable
C0320,2025-07-24,3,395,stable
C0321,2024-03-08,1,898,stable
C0322,2022-10-11,1,1412,high_return
C0323,2024-05-28,2,817,stable
C0324,2024-08-17,1,736,stable
C0325,2023-03-29,1,1243,stable
C0326,2024-10-16,2,676,stable
C0327,2024-03-26,1,880,stable
C0328,2023-10-21,1,1037,stable
C0329,2023-07-01,2,1149,stable
C0330,2025-04-30,3,480,stable
C0331,2024-12-08,2,623,stable
C0332,2022-01-17,1,1679,stable
C0333,2025-04-10,2,500,stable
C0334,2025-05-28,1,452,stable
C0335,2022-06-07,1,1538,drift
C0336,2023-04-22,3,1219,stable
C0337,2024-12-05,1,626,drift
C0338,2025-10-28,1,299,high_return
C0339,2023-06-02,2,1178,stable
C0340,2022-04-09,2,1597,stable
C0341,2024-11-26,2,635,stable
C0342,2022-10-07,1,1416,stable
C0343,2025-10-04,1,323,stable
C0344,2023-05-12,1,1199,stable
C0345,2022-10-29,1,1394,stable
C0346,2022-06-30,2,1515,stable
C0347,2023-08-30,3,1089,high_return
C0348,2025-01-27,2,573,stable
C0349,2023-12-01,3,996,stable
C0350,2024-09-19,2,703,stable
C0351,2025-02-13,2,556,high_return
C0352,2022-07-10,1,1505,stable
C0353,2022-09-10,2,1443,stable
C0354,2024-09-07,2,715,stable
C0355,2024-07-16,1,768,stable
C0356,2025-03-30,1,511,stable
C0357,2025-07-03,3,416,high_return
C0358,2025-09-08,1,349,stable
C0359,2022-05-08,1,1568,stable
C0360,2022-01-18,2,1678,high_return
C0361,2023-07-20,3,1130,stable
C0362,2023-07-24,2,1126,stable
C0363,2025-09-08,2,349,high_return
C0364,2023-11-17,1,1010,stable
C0365,2023-09-18,2,1070,stable
C0366,2025-08-04,1,384,stable
C0367,2024-05-03,3,842,stable
C0368,2024-08-19,2,734,stable
C0369,2022-06-04,1,1541,stable
C0370,2023-05-05,1,1206,stable
C0371,2025-11-10,1,286,high_return
C0372,2024-02-24,1,911,stable
C0373,2025-02-01,1,568,high_return
C0374,2025-11-17,2,279,stable
C0375,2022-09-03,2,1450,stable
C0376,2025-04-14,1,496,stable
C0377,2024-11-28,1,633,stable
C0378,2024-01-29,1,937,stable
C0379,2023-06-22,3,1158,high_return
C0380,2024-07-09,1,775,stable
C0381,2023-02-12,2,1288,stable
C0382,2023-06-09,3,1171,stable
C0383,2024-04-07,2,868,stable
C0384,2024-06-21,3,793,stable
C0385,2022-02-05,1,1660,stable
C0386,2023-11-16,3,1011,stable
C0387,2022-01-20,1,1676,stable
C0388,2022-11-17,1,1375,stable
C0389,2023-05-27,2,1184,stable
C0390,2023-02-04,3,1296,stable
C0391,2023-10-16,3,1042,high_return
C0392,2024-08-29,1,724,stable
C0393,2023-04-16,1,1225,stable
C0394,2025-03-12,3,529,stable
C0395,2025-01-20,1,580,stable
C0396,2025-10-09,3,318,high_return
C0397,2024-04-13,3,862,stable
C0398,2023-12-28,2,969,stable
C0399,2024-05-03,1,842,stable
C0400,2022-02-20,2,1645,stable
C0401,2023-07-29,1,1121,stable
C0402,2025-04-28,3,482,stable
C0403,2025-02-22,2,547,stable
C0404,2022-05-30,3,1546,stable
C0405,2022-11-10,1,1382,stable
C0406,2023-07-24,3,1126,high_return
C0407,2025-09-27,2,330,stable
C0408,2022-11-01,1,1391,stable
C0409,2023-11-13,1,1014,stable
C0410,2024-04-17,2,858,high_return
C0411,2024-12-13,2,618,stable
C0412,2024-09-29,3,693,high_return
C0413,2023-03-20,1,1252,stable
C0414,2023-09-05,1,1083,stable
C0415,2024-09-19,2,703,stable
C0416,2022-09-21,1,1432,stable
C0417,2024-12-12,2,619,stable
C0418,2024-09-30,3,692,stable
C0419,2022-01-05,3,1691,stable
C0420,2025-01-31,3,569,stable
C0421,2025-05-04,3,476,stable
C0422,2024-02-13,1,922,stable
C0423,2024-05-26,2,819,stable
C0424,2024-09-18,2,704,stable
C0425,2024-06-02,3,812,stable
C0426,2025-10-05,1,322,stable
C0427,2022-02-16,2,1649,drift
C0428,2024-05-16,1,829,stable
C0429,2024-04-02,2,873,stable
C0430,2024-07-24,3,760,stable
C0431,2023-10-18,3,1040,high_return
C0432,2022-09-26,1,1427,stable
C0433,2023-01-05,3,1326,stable
C0434,2023-09-28,2,1060,high_return
C0435,2025-02-03,1,566,stable
C0436,2023-10-19,1,1039,stable
C0437,2022-04-30,1,1576,stable
C0438,2024-04-10,1,865,stable
C0439,2024-12-17,3,614,stable
C0440,2025-10-01,2,326,stable
C0441,2024-01-11,3,955,stable
C0442,2022-04-27,1,1579,high_return
C0443,2024-03-01,1,905,stable
C0444,2025-02-24,2,545,stable
C0445,2025-11-17,1,279,stable
C0446,2024-10-09,2,683,stable
C0447,2024-12-17,3,614,stable
C0448,2023-09-26,2,1062,stable
C0449,2023-05-28,2,1183,stable
C0450,2024-03-12,1,894,stable
C0451,2025-01-24,1,576,stable
C0452,2025-02-15,1,554,stable
C0453,2023-07-14,2,1136,stable
C0454,2023-05-03,1,1208,stable
C0455,2025-06-14,1,435,stable
C0456,2024-06-15,2,799,high_return
C0457,2025-07-19,1,400,stable
C0458,2025-04-27,1,483,stable
C0459,2023-12-05,1,992,stable
C0460,2023-08-04,3,1115,stable
C0461,2024-02-29,2,906,stable
C0462,2024-05-10,2,835,high_return
C0463,2022-09-04,1,1449,stable
C0464,2025-01-04,3,596,stable
C0465,2022-06-03,2,1542,stable
C0466,2025-12-29,1,237,stable
C0467,2024-09-23,3,699,stable
C0468,2025-01-14,1,586,stable
C0469,2023-11-28,2,999,stable
C0470,2025-08-01,2,387,stable
C0471,2025-05-28,1,452,stable
C0472,2024-12-28,3,603,stable
C0473,2024-12-06,2,625,high_return
C0474,2024-10-05,2,687,stable
C0475,2022-04-04,1,1602,stable
C0476,2024-08-15,1,738,stable
C0477,2024-10-08,1,684,high_return
C0478,2023-03-29,3,1243,drift
C0479,2025-05-12,1,468,stable
C0480,2024-06-30,2,784,stable
C0481,2022-08-06,2,1478,stable
C0482,2023-04-19,1,1222,stable
C0483,2023-03-08,2,1264,stable
C0484,2022-12-07,1,1355,stable
C0485,2023-07-05,3,1145,stable
C0486,2025-08-05,2,383,stable
C0487,2025-07-01,1,418,stable
C0488,2022-12-23,1,1339,high_return
C0489,2022-01-23,2,1673,stable
C0490,2023-06-06,3,1174,stable
C0491,2025-01-28,2,572,stable
C0492,2024-03-12,2,894,stable
C0493,2025-04-18,1,492,stable
C0494,2025-05-31,1,449,stable
C0495,2024-02-01,1,934,drift
C0496,2023-03-18,2,1254,stable
C0497,2024-02-08,3,927,stable
C0498,2024-10-12,2,680,stable
C0499,2025-09-10,1,347,stable
C0500,2023-05-31,2,1180,stable
C0501,2024-11-05,3,656,stable
C0502,2024-03-02,2,904,stable
C0503,2022-12-02,3,1360,stable
C0504,2022-09-15,1,1438,stable
C0505,2023-05-12,1,1199,stable
C0506,2024-06-14,3,800,stable
C0507,2022-06-09,2,1536,stable
C0508,2024-05-01,1,844,stable
C0509,2023-11-21,2,1006,stable
C0510,2023-01-15,3,1316,high_return
C0511,2024-08-14,2,739,stable
C0512,2023-11-22,2,1005,stable
C0513,2025-12-21,1,245,high_return
C0514,2025-07-15,2,404,stable
C0515,2025-12-11,2,255,stable
C0516,2025-04-06,3,504,stable
C0517,2024-12-02,3,629,stable
C0518,2022-10-12,3,1411,stable
C0519,2023-02-01,1,1299,stable
C0520,2022-01-12,2,1684,stable
C0521,2025-08-18,3,370,stable
C0522,2025-06-30,2,419,high_return
C0523,2023-05-14,3,1197,stable
C0524,2024-01-24,3,942,high_return
C0525,2022-02-04,2,1661,stable
C0526,2023-12-28,2,969,stable
C0527,2024-04-28,1,847,stable
C0528,2022-03-31,1,1606,stable
C0529,2024-02-15,2,920,stable
C0530,2023-08-28,3,1091,stable
C0531,2024-08-27,1,726,stable
C0532,2024-10-18,1,674,high_return
C0533,2023-02-22,2,1278,stable
C0534,2022-04-25,1,1581,stable
C0535,2023-09-09,1,1079,stable
C0536,2025-05-04,1,476,stable
C0537,2024-04-05,1,870,stable
C0538,2025-01-03,1,597,stable
C0539,2023-02-17,1,1283,stable
C0540,2025-10-31,2,296,drift
C0541,2025-12-14,3,252,stable
C0542,2023-12-30,2,967,stable
C0543,2025-07-24,2,395,stable
C0544,2024-10-17,1,675,stable
C0545,2024-01-31,1,935,stable
C0546,2023-11-07,2,1020,stable
C0547,2025-11-18,1,278,high_return
C0548,2023-04-02,2,1239,stable
C0549,2024-07-08,2,776,stable
C0550,2022-07-11,2,1504,high_return
C0551,2024-01-09,1,957,stable
C0552,2025-01-27,1,573,stable
C0553,2024-09-04,2,718,stable
C0554,2024-10-05,1,687,stable
C0555,2022-04-06,2,1600,stable
C0556,2023-10-25,2,1033,stable
C0557,2025-04-28,3,482,stable
C0558,2022-02-06,1,1659,stable
C0559,2025-10-24,3,303,stable
C0560,2022-10-06,2,1417,stable
C0561,2022-08-05,1,1479,stable
C0562,2024-05-16,1,829,stable
C0563,2024-05-22,2,823,stable
C0564,2025-07-20,1,399,stable
C0565,2022-03-03,1,1634,stable
C0566,2023-08-19,1,1100,high_return
C0567,2023-12-30,3,967,stable
C0568,2025-09-27,3,330,stable
C0569,2023-02-01,2,1299,stable
C0570,2023-11-30,1,997,stable
C0571,2024-11-08,1,653,stable
C0572,2022-06-26,2,1519,high_return
C0573,2023-01-31,2,1300,stable
C0574,2023-03-21,1,1251,stable
C0575,2025-06-10,2,439,stable
C0576,2022-03-17,3,1620,high_return
C0577,2022-09-22,2,1431,stable
C0578,2023-03-31,2,1241,high_return
C0579,2023-12-19,3,978,stable
C0580,2024-01-05,1,961,stable
C0581,2025-11-08,2,288,stable
C0582,2024-04-30,3,845,stable
C0583,2025-10-22,1,305,stable
C0584,2022-05-24,2,1552,stable
C0585,2024-06-03,2,811,stable
C0586,2024-12-28,2,603,stable
C0587,2025-01-27,2,573,stable
C0588,2023-01-31,3,1300,stable
C0589,2024-11-14,3,647,stable
C0590,2024-08-05,1,748,stable
C0591,2024-06-09,3,805,stable
C0592,2025-03-20,1,521,stable
C0593,2025-03-13,1,528,stable
C0594,2023-07-23,2,1127,stable
C0595,2024-11-28,2,633,stable
C0596,2022-04-19,2,1587,stable
C0597,2024-12-01,3,630,stable
C0598,2025-04-24,2,486,stable
C0599,2024-07-23,2,761,stable
C0600,2023-02-02,1,1298,stable
C0601,2025-05-31,3,449,stable
C0602,2023-09-26,3,1062,stable
C0603,2025-03-02,3,539,stable
C0604,2025-04-01,1,509,stable
C0605,2025-05-23,1,457,stable
C0606,2024-01-03,1,963,stable
C0607,2022-08-23,1,1461,stable
C0608,2023-10-20,1,1038,high_return
C0609,2024-01-21,3,945,stable
C0610,2023-08-11,2,1108,stable
C0611,2024-10-29,1,663,stable
C0612,2025-01-02,1,598,stable
C0613,2024-08-11,1,742,stable
C0614,2023-05-07,1,1204,stable
C0615,2024-07-01,1,783,stable
C0616,2025-06-30,1,419,stable
C0617,2025-06-07,3,442,high_return
C0618,2025-04-12,3,498,stable
C0619,2025-04-06,1,504,stable
C0620,2022-06-19,2,1526,stable
C0621,2025-11-17,3,279,stable
C0622,2024-08-03,1,750,stable
C0623,2024-03-05,1,901,stable
C0624,2023-09-26,3,1062,stable
C0625,2025-05-02,1,478,stable
C0626,2022-01-29,2,1667,stable
C0627,2025-04-03,2,507,stable
C0628,2025-12-16,1,250,stable
C0629,2022-12-05,1,1357,drift
C0630,2025-10-20,3,307,stable
C0631,2025-09-27,1,330,stable
C0632,2023-05-15,1,1196,stable
C0633,2023-05-26,2,1185,stable
C0634,2025-09-12,2,345,stable
C0635,2022-08-05,1,1479,stable
C0636,2025-08-17,3,371,high_return
C0637,2025-03-01,1,540,stable
C0638,2024-12-29,3,602,stable
C0639,2025-06-29,3,420,stable
C0640,2025-12-09,2,257,stable
C0641,2023-03-21,2,1251,stable
C0642,2024-05-25,3,820,stable
C0643,2025-04-20,1,490,stable
C0644,2022-06-16,2,1529,stable
C0645,2022-04-01,1,1605,stable
C0646,2023-12-15,1,982,drift
C0647,2022-02-08,1,1657,stable
C0648,2025-02-23,3,546,stable
C0649,2022-06-22,3,1523,stable
C0650,2023-10-15,1,1043,stable
C0651,2024-01-24,1,942,stable
C0652,2025-05-28,2,452,stable
C0653,2024-12-17,2,614,stable
C0654,2023-04-21,1,1220,stable
C0655,2023-04-01,2,1240,stable
C0656,2024-04-08,2,867,drift
C0657,2024-06-13,3,801,stable
C0658,2025-10-16,1,311,stable
C0659,2024-10-21,2,671,stable
C0660,2023-01-22,2,1309,stable
C0661,2022-12-14,3,1348,stable
C0662,2022-07-09,2,1506,stable
C0663,2023-05-20,2,1191,stable
C0664,2025-04-29,1,481,stable
C0665,2025-10-24,3,303,stable
C0666,2025-12-03,2,263,stable
C0667,2024-04-03,1,872,stable
C0668,2024-07-17,2,767,stable
C0669,2024-07-22,1,762,stable
C0670,2025-02-14,1,555,stable
C0671,2022-05-14,3,1562,stable
C0672,2022-02-27,2,1638,stable
C0673,2023-11-16,2,1011,stable
C0674,2023-11-03,1,1024,stable
C0675,2022-06-22,3,1523,stable
C0676,2024-03-25,1,881,stable
C0677,2025-03-18,1,523,stable
C0678,2022-03-21,3,1616,stable
C0679,2024-06-04,3,810,stable
C0680,2025-05-21,2,459,stable
C0681,2022-07-22,1,1493,stable
C0682,2024-02-03,3,932,stable
C0683,2025-06-06,2,443,drift
C0684,2025-06-04,3,445,stable
C0685,2025-11-26,3,270,stable
C0686,2022-02-16,1,1649,high_return
C0687,2025-06-10,1,439,high_return
C0688,2025-08-21,2,367,stable
C0689,2025-03-12,1,529,stable
C0690,2025-12-09,1,257,stable
C0691,2025-10-28,3,299,stable
C0692,2025-07-06,2,413,stable
C0693,2023-10-18,3,1040,stable
C0694,2023-04-16,2,1225,stable
C0695,2024-08-28,2,725,high_return
C0696,2024-11-01,1,660,stable
C0697,2025-09-15,1,342,stable
C0698,2024-01-06,1,960,stable
C0699,2024-02-23,1,912,stable
C0700,2024-08-25,3,728,stable
C0701,2022-12-24,1,1338,stable
C0702,2024-08-29,2,724,stable
C0703,2025-12-02,1,264,stable
C0704,2023-10-30,1,1028,stable
C0705,2023-01-08,2,1323,drift
C0706,2024-10-28,1,664,stable
C0707,2025-02-19,1,550,stable
C0708,2025-10-03,1,324,stable
C0709,2023-11-07,1,1020,stable
C0710,2022-03-31,3,1606,stable
C0711,2023-11-29,1,998,stable
C0712,2025-09-01,1,356,stable
C0713,2025-04-16,2,494,stable
C0714,2023-06-24,1,1156,stable
C0715,2024-01-02,3,964,stable
C0716,2024-05-18,2,827,stable
C0717,2022-02-10,2,1655,stable
C0718,2024-01-10,2,956,stable
C0719,2023-05-17,1,1194,stable
C0720,2024-08-16,2,737,stable
C0721,2025-03-14,1,527,stable
C0722,2025-05-09,3,471,stable
C0723,2024-07-17,1,767,stable
C0724,2023-04-06,2,1235,stable
C0725,2024-01-02,2,964,stable
C0726,2024-01-22,1,944,stable
C0727,2024-07-13,1,771,stable
C0728,2024-06-27,2,787,stable
C0729,2025-06-30,3,419,stable
C0730,2023-01-25,1,1306,stable
C0731,2024-06-01,3,813,high_return
C0732,2022-09-13,3,1440,stable
C0733,2023-12-10,3,987,high_return
C0734,2023-03-26,1,1246,drift
C0735,2022-01-10,2,1686,stable
C0736,2024-04-03,1,872,stable
C0737,2024-03-08,3,898,drift
C0738,2025-06-19,2,430,stable
C0739,2025-06-28,1,421,stable
C0740,2024-05-26,2,819,stable
C0741,2024-10-25,1,667,stable
C0742,2025-02-16,3,553,stable
C0743,2024-10-12,3,680,stable
C0744,2023-01-09,2,1322,stable
C0745,2024-12-24,1,607,stable
C0746,2022-05-26,2,1550,high_return
C0747,2022-08-12,1,1472,stable
C0748,2025-06-16,1,433,stable
C0749,2022-06-26,3,1519,stable
C0750,2024-05-02,1,843,stable
C0751,2025-07-29,1,390,stable
C0752,2022-03-04,3,1633,high_return
C0753,2025-05-25,1,455,stable
C0754,2024-04-06,1,869,stable
C0755,2024-03-05,3,901,stable
C0756,2023-11-20,1,1007,stable
C0757,2022-04-15,3,1591,high_return
C0758,2025-01-27,3,573,stable
C0759,2023-05-26,3,1185,stable
C0760,2023-01-20,2,1311,stable
C0761,2023-02-09,1,1291,high_return
C0762,2024-04-02,1,873,stable
C0763,2023-06-02,3,1178,stable
C0764,2023-04-21,3,1220,stable
C0765,2023-12-10,2,987,high_return
C0766,2024-02-10,1,925,stable
C0767,2025-12-31,1,235,stable
C0768,2024-11-12,1,649,stable
C0769,2024-09-23,2,699,stable
C0770,2023-11-08,2,1019,stable
C0771,2023-12-15,3,982,stable
C0772,2022-03-24,2,1613,high_return
C0773,2025-03-14,1,527,stable
C0774,2025-01-13,2,587,high_return
C0775,2025-01-06,2,594,stable
C0776,2023-04-02,2,1239,stable
C0777,2022-01-01,2,1695,stable
C0778,2022-02-20,3,1645,stable
C0779,2023-11-16,3,1011,drift
C0780,2023-12-18,1,979,stable
C0781,2023-03-25,1,1247,stable
C0782,2024-05-30,2,815,stable
C0783,2023-05-03,1,1208,stable
C0784,2022-02-03,1,1662,stable
C0785,2025-10-03,1,324,stable
C0786,2022-04-05,2,1601,drift
C0787,2024-12-31,1,600,stable
C0788,2022-06-03,2,1542,stable
C0789,2022-09-07,3,1446,stable
C0790,2023-11-05,1,1022,high_return
C0791,2023-03-14,1,1258,stable
C0792,2022-04-28,1,1578,stable
C0793,2024-02-10,3,925,stable
C0794,2025-08-22,1,366,stable
C0795,2022-09-25,1,1428,stable
C0796,2024-12-13,1,618,high_return
C0797,2022-08-24,3,1460,stable
C0798,2023-01-24,2,1307,stable
C0799,2024-09-16,3,706,stable
C0800,2024-02-02,3,933,stable
C0801,2023-02-05,1,1295,stable
C0802,2023-09-16,3,1072,stable
C0803,2024-02-06,1,929,stable
C0804,2025-08-19,3,369,stable
C0805,2024-07-07,2,777,stable
C0806,2025-05-15,3,465,stable
C0807,2025-06-06,1,443,drift
C0808,2024-05-02,1,843,stable
C0809,2023-08-01,1,1118,stable
C0810,2022-03-16,1,1621,stable
C0811,2023-03-11,1,1261,stable
C0812,2022-04-13,1,1593,stable
C0813,2025-12-16,1,250,stable
C0814,2024-02-03,2,932,stable
C0815,2024-01-08,3,958,stable
C0816,2024-03-16,2,890,stable
C0817,2025-08-22,1,366,stable
C0818,2022-04-08,2,1598,stable
C0819,2024-03-08,1,898,stable
C0820,2025-09-20,3,337,stable
C0821,2024-05-08,1,837,stable
C0822,2023-03-11,2,1261,stable
C0823,2023-03-23,3,1249,stable
C0824,2025-08-24,3,364,stable
C0825,2022-09-06,2,1447,drift
C0826,2022-06-15,3,1530,stable
C0827,2024-09-10,3,712,stable
C0828,2025-09-20,2,337,stable
C0829,2024-10-16,2,676,stable
C0830,2023-06-26,2,1154,high_return
C0831,2024-01-29,2,937,stable
C0832,2025-02-03,2,566,stable
C0833,2022-03-22,2,1615,stable
C0834,2022-05-13,1,1563,stable
C0835,2024-03-07,1,899,stable
C0836,2024-06-18,1,796,stable
C0837,2022-05-18,1,1558,drift
C0838,2022-07-03,1,1512,stable
C0839,2025-11-25,2,271,stable
C0840,2025-09-15,1,342,high_return
C0841,2024-02-24,3,911,stable
C0842,2024-09-10,1,712,high_return
C0843,2022-03-10,1,1627,drift
C0844,2023-06-30,2,1150,stable
C0845,2022-02-22,2,1643,stable
C0846,2022-07-24,1,1491,stable
C0847,2022-05-06,3,1570,high_return
C0848,2022-02-12,3,1653,stable
C0849,2022-04-21,1,1585,stable
C0850,2024-01-31,1,935,high_return
C0851,2025-04-21,3,489,drift
C0852,2024-04-27,2,848,stable
C0853,2022-04-05,2,1601,stable
C0854,2025-10-29,3,298,drift
C0855,2024-06-18,1,796,stable
C0856,2022-12-26,2,1336,high_return
C0857,2024-06-18,1,796,stable
C0858,2022-10-08,3,1415,stable
C0859,2025-05-03,2,477,stable
C0860,2025-05-03,2,477,stable
C0861,2023-10-29,1,1029,stable
C0862,2022-04-03,1,1603,stable
C0863,2023-11-03,2,1024,stable
C0864,2022-03-02,2,1635,stable
C0865,2023-09-26,2,1062,stable
C0866,2024-12-10,1,621,stable
C0867,2025-11-27,3,269,stable
C0868,2024-10-25,1,667,stable
C0869,2023-08-27,3,1092,stable
C0870,2023-11-13,1,1014,stable
C0871,2023-06-18,2,1162,stable
C0872,2025-11-29,1,267,stable
C0873,2024-04-17,3,858,high_return
C0874,2023-10-07,2,1051,high_return
C0875,2022-08-21,1,1463,stable
C0876,2023-06-08,1,1172,drift
C0877,2022-12-12,1,1350,stable
C0878,2024-12-05,1,626,stable
C0879,2023-06-30,3,1150,stable
C0880,2025-01-06,2,594,stable
C0881,2025-01-01,3,599,stable
C0882,2024-03-04,2,902,stable
C0883,2022-09-06,2,1447,stable
C0884,2022-02-16,1,1649,stable
C0885,2025-02-18,1,551,stable
C0886,2022-08-02,3,1482,stable
C0887,2022-08-27,3,1457,stable
C0888,2024-12-15,1,616,stable
C0889,2022-12-16,1,1346,stable
C0890,2022-04-17,2,1589,stable
C0891,2024-04-10,3,865,high_return
C0892,2022-02-17,1,1648,stable
C0893,2022-12-03,2,1359,stable
C0894,2024-11-15,3,646,stable
C0895,2024-03-14,1,892,stable
C0896,2025-07-04,1,415,stable
C0897,2022-01-08,2,1688,stable
C0898,2023-09-17,3,1071,stable
C0899,2025-06-30,1,419,stable
C0900,2023-12-20,2,977,stable
C0901,2022-10-30,2,1393,stable
C0902,2023-10-01,2,1057,stable
C0903,2022-02-25,2,1640,stable
C0904,2023-12-27,2,970,stable
C0905,2023-06-10,2,1170,stable
C0906,2023-04-19,2,1222,stable
C0907,2022-01-28,2,1668,stable
C0908,2022-03-19,2,1618,stable
C0909,2025-05-24,3,456,stable
C0910,2025-11-10,1,286,high_return
C0911,2022-12-31,3,1331,stable
C0912,2023-10-28,3,1030,high_return
C0913,2023-06-10,1,1170,stable
C0914,2023-11-30,2,997,stable
C0915,2025-08-28,2,360,stable
C0916,2024-06-01,1,813,stable
C0917,2024-10-27,1,665,stable
C0918,2024-10-23,1,669,stable
C0919,2024-07-07,1,777,stable
C0920,2024-01-20,3,946,stable
C0921,2022-12-29,1,1333,stable
C0922,2025-07-21,3,398,high_return
C0923,2024-03-16,2,890,stable
C0924,2024-01-09,3,957,stable
C0925,2024-11-04,2,657,stable
C0926,2025-04-30,1,480,stable
C0927,2023-04-30,2,1211,stable
C0928,2022-01-28,1,1668,drift
C0929,2023-12-15,2,982,stable
C0930,2024-11-28,3,633,stable
C0931,2025-07-20,1,399,stable
C0932,2025-06-08,1,441,stable
C0933,2022-03-27,2,1610,stable
C0934,2022-05-06,3,1570,stable
C0935,2024-03-22,2,884,drift
C0936,2023-06-21,1,1159,stable
C0937,2022-05-25,2,1551,high_return
C0938,2025-05-20,1,460,stable
C0939,2022-01-25,2,1671,stable
C0940,2025-11-18,3,278,stable
C0941,2022-03-08,2,1629,stable
C0942,2022-08-21,3,1463,high_return
C0943,2022-04-19,1,1587,stable
C0944,2025-03-15,2,526,stable
C0945,2022-04-21,3,1585,stable
C0946,2022-08-16,1,1468,stable
C0947,2022-04-21,3,1585,stable
C0948,2022-02-03,1,1662,stable
C0949,2023-09-15,2,1073,stable
C0950,2025-10-24,3,303,stable
C0951,2024-01-18,2,948,stable
C0952,2023-08-18,1,1101,stable
C0953,2023-03-01,2,1271,stable
C0954,2023-09-05,2,1083,high_return
C0955,2023-11-23,3,1004,stable
C0956,2025-07-29,2,390,stable
C0957,2025-09-05,1,352,stable
C0958,2022-11-11,2,1381,stable
C0959,2024-05-26,2,819,stable
C0960,2025-11-01,2,295,stable
C0961,2025-08-05,2,383,stable
C0962,2025-12-31,3,235,stable
C0963,2023-10-24,2,1034,high_return
C0964,2022-10-04,2,1419,stable
C0965,2023-09-16,1,1072,stable
C0966,2023-05-31,1,1180,stable
C0967,2025-10-05,1,322,stable
C0968,2024-04-22,1,853,high_return
C0969,2022-12-16,2,1346,stable
C0970,2024-04-02,2,873,stable
C0971,2025-03-06,2,535,stable
C0972,2024-01-29,3,937,stable
C0973,2024-06-17,3,797,stable
C0974,2022-08-31,3,1453,stable
C0975,2023-06-27,2,1153,stable
C0976,2024-11-29,2,632,stable
C0977,2022-08-17,2,1467,stable
C0978,2023-07-02,1,1148,stable
C0979,2024-07-08,1,776,stable
C0980,2025-05-31,3,449,stable
C0981,2022-01-06,3,1690,stable
C0982,2025-09-07,1,350,stable
C0983,2023-04-13,2,1228,stable
C0984,2022-03-16,3,1621,stable
C0985,2022-01-04,1,1692,stable
C0986,2023-10-08,1,1050,stable
C0987,2022-04-28,3,1578,stable
C0988,2024-05-30,2,815,high_return
C0989,2023-05-19,1,1192,drift
C0990,2024-08-04,2,749,high_return
C0991,2023-07-28,3,1122,stable
C0992,2022-07-13,2,1502,stable
C0993,2024-04-26,1,849,stable
C0994,2023-12-16,1,981,stable
C0995,2025-11-16,2,280,stable
C0996,2024-11-15,2,646,stable
C0997,2025-12-29,3,237,stable
C0998,2022-06-22,1,1523,drift
C0999,2025-08-16,3,372,stable
C1000,2022-11-22,1,1370,stable
C1001,2025-12-04,1,262,stable
C1002,2025-02-15,1,554,high_return
C1003,2024-04-15,1,860,stable
C1004,2023-12-25,2,972,stable
C1005,2022-08-13,2,1471,high_return
C1006,2023-06-16,1,1164,stable
C1007,2022-04-23,2,1583,stable
C1008,2022-05-20,1,1556,stable
C1009,2023-07-13,3,1137,stable
C1010,2022-01-01,3,1695,stable
C1011,2022-03-31,1,1606,stable
C1012,2023-10-16,2,1042,high_return
C1013,2022-11-16,1,1376,drift
C1014,2022-05-19,1,1557,stable
C1015,2024-04-24,1,851,stable
C1016,2022-09-16,3,1437,stable
C1017,2024-06-20,2,794,stable
C1018,2023-11-21,1,1006,stable
C1019,2022-01-10,3,1686,stable
C1020,2022-09-18,2,1435,stable
C1021,2022-06-21,3,1524,stable
C1022,2024-06-16,2,798,high_return
C1023,2022-01-13,2,1683,stable
C1024,2025-04-06,1,504,stable
C1025,2022-11-17,1,1375,stable
C1026,2025-09-04,3,353,stable
C1027,2022-11-25,1,1367,stable
C1028,2024-02-24,3,911,stable
C1029,2024-02-16,2,919,stable
C1030,2024-06-29,1,785,stable
C1031,2025-12-13,1,253,stable
C1032,2025-01-23,1,577,stable
C1033,2022-11-14,3,1378,stable
C1034,2022-08-24,2,1460,drift
C1035,2022-11-30,1,1362,stable
C1036,2023-01-11,1,1320,drift
C1037,2025-03-06,1,535,stable
C1038,2023-08-11,2,1108,drift
C1039,2023-05-28,1,1183,stable
C1040,2025-08-12,3,376,stable
C1041,2025-09-05,1,352,stable
C1042,2024-07-06,1,778,stable
C1043,2025-10-04,2,323,stable
C1044,2024-05-22,2,823,stable
C1045,2025-06-06,3,443,stable
C1046,2022-09-27,2,1426,stable
C1047,2024-03-08,1,898,stable
C1048,2025-08-07,2,381,stable
C1049,2023-12-26,1,971,stable
C1050,2025-04-03,1,507,stable
C1051,2022-01-05,3,1691,stable
C1052,2024-04-30,3,845,stable
C1053,2025-11-03,3,293,stable
C1054,2022-03-19,2,1618,stable
C1055,2025-12-04,2,262,drift
C1056,2023-07-28,1,1122,stable
C1057,2022-05-12,1,1564,stable
C1058,2023-08-24,3,1095,stable
C1059,2024-12-01,1,630,stable
C1060,2022-03-30,3,1607,stable
C1061,2023-02-06,2,1294,stable
C1062,2022-10-23,1,1400,stable
C1063,2025-08-11,2,377,stable
C1064,2023-09-08,2,1080,stable
C1065,2024-03-10,1,896,stable
C1066,2023-02-26,3,1274,stable
C1067,2024-11-12,2,649,stable
C1068,2023-07-29,1,1121,stable
C1069,2022-05-23,2,1553,stable
C1070,2024-09-19,3,703,drift
C1071,2023-10-27,1,1031,high_return
C1072,2022-05-25,3,1551,stable
C1073,2025-06-02,1,447,stable
C1074,2024-10-03,3,689,stable
C1075,2023-05-18,2,1193,stable
C1076,2024-03-31,1,875,stable
C1077,2022-04-14,1,1592,stable
C1078,2024-11-28,3,633,stable
C1079,2022-07-17,2,1498,stable
C1080,2023-08-02,2,1117,drift
C1081,2023-01-26,1,1305,stable
C1082,2025-04-17,3,493,stable
C1083,2023-07-08,2,1142,stable
C1084,2024-11-04,3,657,stable
C1085,2025-08-05,1,383,stable
C1086,2023-04-23,2,1218,stable
C1087,2025-06-08,2,441,stable
C1088,2024-07-11,1,773,stable
C1089,2023-02-24,2,1276,stable
C1090,2022-06-06,1,1539,stable
C1091,2023-07-04,2,1146,stable
C1092,2025-01-25,2,575,high_return
C1093,2024-10-17,1,675,stable
C1094,2024-09-23,2,699,stable
C1095,2025-12-05,2,261,stable
C1096,2024-08-08,1,745,stable
C1097,2022-10-16,3,1407,stable
C1098,2025-07-01,3,418,stable
C1099,2022-07-15,2,1500,stable
C1100,2023-08-21,1,1098,stable
C1101,2023-06-01,3,1179,stable
C1102,2024-05-14,2,831,stable
C1103,2025-02-15,1,554,stable
C1104,2024-03-16,2,890,stable
C1105,2025-03-28,2,513,stable
C1106,2024-03-25,2,881,stable
C1107,2022-08-16,2,1468,stable
C1108,2022-08-04,2,1480,stable
C1109,2024-08-05,3,748,stable
C1110,2022-01-15,1,1681,stable
C1111,2025-03-26,2,515,stable
C1112,2025-07-08,3,411,stable
C1113,2025-03-26,2,515,high_return
C1114,2022-02-16,2,1649,stable
C1115,2022-11-20,2,1372,stable
C1116,2024-04-23,2,852,stable
C1117,2022-05-10,3,1566,stable
C1118,2025-12-05,2,261,stable
C1119,2022-04-05,3,1601,high_return
C1120,2023-09-19,1,1069,stable
C1121,2024-01-25,1,941,stable
C1122,2025-08-08,2,380,stable
C1123,2024-03-04,1,902,stable
C1124,2025-07-30,1,389,stable
C1125,2022-03-10,1,1627,stable
C1126,2022-01-11,1,1685,stable
C1127,2025-07-01,1,418,stable
C1128,2024-05-21,3,824,stable
C1129,2023-07-04,1,1146,stable
C1130,2025-03-03,2,538,stable
C1131,2023-12-13,3,984,stable
C1132,2022-01-23,3,1673,stable
C1133,2024-03-25,1,881,stable
C1134,2022-12-12,3,1350,stable
C1135,2022-10-29,2,1394,stable
C1136,2022-12-29,2,1333,stable
C1137,2023-01-31,2,1300,stable
C1138,2022-08-06,3,1478,stable
C1139,2022-05-21,1,1555,stable
C1140,2024-08-15,2,738,stable
C1141,2025-05-18,2,462,stable
C1142,2024-09-11,3,711,stable
C1143,2024-09-19,3,703,stable
C1144,2024-04-07,1,868,stable
C1145,2023-11-14,3,1013,stable
C1146,2024-09-30,1,692,stable
C1147,2022-12-22,1,1340,stable
C1148,2024-10-04,1,688,stable
C1149,2025-09-09,1,348,stable
C1150,2025-03-02,2,539,stable
C1151,2024-06-06,1,808,stable
C1152,2022-05-07,1,1569,stable
C1153,2025-02-03,3,566,stable
C1154,2024-10-05,3,687,stable
C1155,2023-08-27,3,1092,stable
C1156,2025-11-02,3,294,stable
C1157,2024-10-10,2,682,stable
C1158,2022-02-20,1,1645,stable
C1159,2024-11-18,1,643,stable
C1160,2025-08-12,2,376,stable
C1161,2025-08-13,1,375,stable
C1162,2024-02-18,2,917,high_return
C1163,2025-12-01,1,265,stable
C1164,2024-03-24,1,882,stable
C1165,2025-11-29,2,267,stable
C1166,2025-10-01,2,326,stable
C1167,2023-02-24,2,1276,stable
C1168,2025-04-20,2,490,stable
C1169,2024-09-09,1,713,stable
C1170,2024-04-04,1,871,stable
C1171,2024-10-21,3,671,high_return
C1172,2023-07-21,2,1129,stable
C1173,2023-01-06,1,1325,stable
C1174,2024-07-24,3,760,stable
C1175,2023-10-23,1,1035,stable
C1176,2025-12-25,2,241,stable
C1177,2024-08-26,1,727,stable
C1178,2025-08-25,2,363,stable
C1179,2025-03-06,2,535,stable
C1180,2022-07-21,1,1494,stable
C1181,2025-12-30,3,236,stable
C1182,2022-11-09,2,1383,high_return
C1183,2022-04-27,1,1579,stable
C1184,2024-07-25,1,759,stable
C1185,2023-07-29,1,1121,stable
C1186,2022-09-01,1,1452,stable
C1187,2023-06-21,2,1159,high_return
C1188,2022-03-16,3,1621,stable
C1189,2023-01-21,2,1310,stable
C1190,2025-05-18,1,462,stable
C1191,2023-04-20,1,1221,high_return
C1192,2023-02-22,1,1278,stable
C1193,2022-12-13,2,1349,stable
C1194,2023-10-02,3,1056,stable
C1195,2024-07-27,1,757,stable
C1196,2024-08-12,2,741,stable
C1197,2024-05-25,3,820,high_return
C1198,2024-02-02,2,933,stable
C1199,2025-04-17,3,493,stable
C1200,2025-04-20,2,490,stable
C1201,2023-10-26,2,1032,stable
C1202,2022-01-25,2,1671,stable
C1203,2025-04-18,2,492,drift
C1204,2023-12-11,1,986,stable
C1205,2025-03-30,1,511,stable
C1206,2022-06-26,1,1519,stable
C1207,2022-10-12,2,1411,stable
C1208,2022-03-04,1,1633,stable
C1209,2024-09-29,3,693,stable
C1210,2023-10-24,2,1034,stable
C1211,2023-10-28,2,1030,stable
C1212,2022-06-05,1,1540,stable
C1213,2024-12-08,3,623,stable
C1214,2024-08-24,3,729,stable
C1215,2024-04-28,2,847,high_return
C1216,2025-01-12,1,588,stable
C1217,2025-10-16,2,311,stable
C1218,2023-11-20,1,1007,stable
C1219,2022-05-28,1,1548,stable
C1220,2022-12-08,3,1354,stable
C1221,2023-04-21,2,1220,stable
C1222,2024-12-22,2,609,stable
C1223,2025-10-15,3,312,stable
C1224,2023-07-15,2,1135,stable
C1225,2022-11-23,2,1369,stable
C1226,2025-03-10,1,531,high_return
C1227,2024-09-16,3,706,stable
C1228,2022-08-03,1,1481,stable
C1229,2023-03-11,3,1261,stable
C1230,2024-08-09,3,744,stable
C1231,2023-12-24,1,973,stable
C1232,2025-09-03,2,354,stable
C1233,2022-02-01,3,1664,high_return
C1234,2023-11-01,2,1026,high_return
C1235,2022-10-12,3,1411,stable
C1236,2025-08-21,3,367,stable
C1237,2023-03-05,2,1267,high_return
C1238,2022-10-13,1,1410,stable
C1239,2025-03-13,3,528,high_return
C1240,2025-12-18,2,248,stable
C1241,2024-11-08,1,653,stable
C1242,2022-01-18,1,1678,stable
C1243,2024-02-08,2,927,stable
C1244,2023-08-13,3,1106,stable
C1245,2025-10-26,3,301,stable
C1246,2025-04-13,2,497,stable
C1247,2024-10-06,1,686,stable
C1248,2022-07-13,1,1502,stable
C1249,2023-05-17,3,1194,stable
C1250,2024-09-14,1,708,stable
C1251,2025-02-10,1,559,stable
C1252,2022-04-24,1,1582,stable
C1253,2025-05-30,2,450,high_return
C1254,2024-08-04,3,749,high_return
C1255,2024-04-10,1,865,stable
C1256,2025-07-11,2,408,stable
C1257,2024-07-13,2,771,stable
C1258,2022-02-24,3,1641,drift
C1259,2024-03-10,1,896,stable
C1260,2024-02-17,2,918,stable
C1261,2022-06-11,1,1534,stable
C1262,2025-11-04,3,292,stable
C1263,2022-03-28,2,1609,stable
C1264,2022-02-24,1,1641,stable
C1265,2025-04-16,2,494,high_return
C1266,2025-11-15,3,281,drift
C1267,2025-10-04,1,323,stable
C1268,2024-10-28,3,664,stable
C1269,2024-04-12,1,863,stable
C1270,2022-11-09,2,1383,stable
C1271,2024-01-29,2,937,stable
C1272,2023-03-19,2,1253,stable
C1273,2022-11-24,1,1368,stable
C1274,2024-12-13,3,618,stable
C1275,2024-01-31,2,935,stable
C1276,2025-06-16,2,433,stable
C1277,2025-06-06,3,443,stable
C1278,2023-08-02,3,1117,drift
C1279,2024-12-10,1,621,high_return
C1280,2024-10-03,1,689,high_return
C1281,2025-07-11,3,408,stable
C1282,2025-12-12,1,254,stable
C1283,2022-04-06,2,1600,stable
C1284,2025-01-16,3,584,high_return
C1285,2025-01-06,1,594,stable
C1286,2025-08-04,2,384,stable
C1287,2025-02-17,2,552,stable
C1288,2024-03-24,2,882,stable
C1289,2023-05-06,1,1205,stable
C1290,2023-03-28,1,1244,stable
C1291,2022-06-14,2,1531,stable
C1292,2022-07-01,3,1514,stable
C1293,2023-04-14,3,1227,high_return
C1294,2024-06-28,2,786,stable
C1295,2024-01-05,1,961,stable
C1296,2024-04-02,2,873,stable
C1297,2024-08-01,1,752,high_return
C1298,2022-01-07,3,1689,stable
C1299,2022-11-26,3,1366,drift
C1300,2024-02-14,2,921,stable
C1301,2022-05-31,3,1545,drift
C1302,2025-01-13,1,587,high_return
C1303,2022-05-27,2,1549,stable
C1304,2025-11-05,1,291,stable
C1305,2024-07-03,3,781,stable
C1306,2025-08-01,1,387,stable
C1307,2023-12-01,2,996,stable
C1308,2022-03-23,3,1614,stable
C1309,2023-05-29,1,1182,stable
C1310,2024-03-25,1,881,stable
C1311,2023-12-10,3,987,stable
C1312,2024-01-16,2,950,stable
C1313,2024-10-19,1,673,stable
C1314,2025-11-10,1,286,stable
C1315,2023-12-08,1,989,stable
C1316,2023-04-16,3,1225,stable
C1317,2025-02-16,2,553,high_return
C1318,2023-01-31,1,1300,stable
C1319,2022-09-18,1,1435,stable
C1320,2024-03-15,1,891,stable
C1321,2024-07-22,1,762,stable
C1322,2025-07-03,2,416,high_return
C1323,2024-06-23,1,791,high_return
C1324,2025-06-03,1,446,stable
C1325,2024-12-12,2,619,stable
C1326,2024-07-28,1,756,stable
C1327,2024-05-03,2,842,stable
C1328,2025-10-19,2,308,high_return
C1329,2025-07-27,2,392,stable
C1330,2023-08-16,2,1103,stable
C1331,2023-12-15,2,982,stable
C1332,2025-03-27,3,514,stable
C1333,2023-09-24,2,1064,stable
C1334,2022-02-28,2,1637,stable
C1335,2022-05-08,3,1568,stable
C1336,2024-01-06,2,960,stable
C1337,2023-12-22,1,975,stable
C1338,2025-02-12,1,557,high_return
C1339,2025-05-17,1,463,stable
C1340,2023-06-10,3,1170,stable
C1341,2023-06-05,2,1175,stable
C1342,2023-07-06,3,1144,stable
C1343,2022-08-25,2,1459,stable
C1344,2025-07-28,2,391,stable
C1345,2025-10-14,1,313,stable
C1346,2025-05-09,2,471,high_return
C1347,2025-07-25,2,394,stable
C1348,2025-06-12,3,437,stable
C1349,2023-05-09,1,1202,stable
C1350,2022-01-04,2,1692,stable
C1351,2023-10-28,2,1030,stable
C1352,2023-03-18,2,1254,stable
C1353,2022-01-29,2,1667,stable
C1354,2025-02-06,3,563,stable
C1355,2023-09-02,1,1086,stable
C1356,2024-03-15,2,891,stable
C1357,2022-03-16,2,1621,high_return
C1358,2024-04-17,3,858,stable
C1359,2025-03-15,3,526,stable
C1360,2022-05-08,1,1568,stable
C1361,2022-02-11,1,1654,stable
C1362,2025-10-11,3,316,stable
C1363,2022-02-10,2,1655,stable
C1364,2024-07-22,3,762,stable
C1365,2022-02-03,1,1662,stable
C1366,2024-11-06,2,655,stable
C1367,2025-03-22,3,519,stable
C1368,2024-09-24,3,698,high_return
C1369,2025-11-02,1,294,stable
C1370,2023-08-11,2,1108,stable
C1371,2022-12-08,2,1354,stable
C1372,2022-01-27,1,1669,stable
C1373,2025-08-03,2,385,stable
C1374,2023-10-08,2,1050,stable
C1375,2024-01-01,3,965,stable
C1376,2022-06-17,2,1528,stable
C1377,2023-09-02,1,1086,stable
C1378,2022-09-25,1,1428,stable
C1379,2024-03-31,2,875,high_return
C1380,2023-03-31,1,1241,stable
C1381,2024-06-24,3,790,high_return
C1382,2025-11-25,1,271,stable
C1383,2024-07-10,3,774,stable
C1384,2024-09-07,3,715,high_return
C1385,2023-12-03,2,994,stable
C1386,2023-09-26,3,1062,drift
C1387,2022-05-10,3,1566,stable
C1388,2024-10-16,2,676,stable
C1389,2025-10-18,1,309,high_return
C1390,2024-03-29,2,877,stable
C1391,2023-11-24,2,1003,drift
C1392,2025-08-08,3,380,drift
C1393,2025-10-26,2,301,stable
C1394,2024-03-04,3,902,stable
C1395,2022-01-29,2,1667,stable
C1396,2022-05-29,1,1547,stable
C1397,2025-08-12,3,376,stable
C1398,2022-01-11,2,1685,stable
C1399,2023-11-07,1,1020,stable
C1400,2025-02-10,2,559,stable
C1401,2022-07-06,1,1509,drift
C1402,2024-03-17,2,889,stable
C1403,2024-01-14,2,952,stable
C1404,2025-06-04,2,445,stable
C1405,2025-08-26,3,362,stable
C1406,2022-04-08,2,1598,stable
C1407,2022-02-24,1,1641,stable
C1408,2023-09-15,2,1073,drift
C1409,2023-10-26,3,1032,stable
C1410,2024-01-28,1,938,stable
C1411,2023-02-10,1,1290,stable
C1412,2022-03-10,1,1627,high_return
C1413,2025-08-28,1,360,stable
C1414,2025-08-05,3,383,stable
C1415,2024-01-21,2,945,stable
C1416,2025-03-17,1,524,stable
C1417,2025-06-21,2,428,stable
C1418,2024-08-15,1,738,stable
C1419,2022-12-31,3,1331,high_return
C1420,2023-04-27,3,1214,stable
C1421,2022-07-20,1,1495,stable
C1422,2022-06-03,3,1542,stable
C1423,2022-03-14,3,1623,stable
C1424,2023-12-14,1,983,stable
C1425,2022-10-23,1,1400,stable
C1426,2024-11-06,2,655,stable
C1427,2025-05-25,3,455,stable
C1428,2022-03-02,3,1635,stable
C1429,2024-07-27,3,757,stable
C1430,2022-02-11,3,1654,stable
C1431,2022-01-25,2,1671,stable
C1432,2024-11-28,3,633,stable
C1433,2022-05-11,3,1565,drift
C1434,2025-06-06,1,443,stable
C1435,2022-04-18,2,1588,stable
C1436,2022-06-21,3,1524,high_return
C1437,2025-12-29,1,237,drift
C1438,2022-04-12,3,1594,stable
C1439,2024-05-15,1,830,stable
C1440,2023-06-08,2,1172,stable
C1441,2022-10-02,3,1421,stable
C1442,2024-12-03,1,628,stable
C1443,2024-03-27,1,879,stable
C1444,2024-08-14,2,739,stable
C1445,2024-11-06,3,655,stable
C1446,2022-11-26,1,1366,stable
C1447,2022-01-12,3,1684,stable
C1448,2025-09-03,1,354,stable
C1449,2022-08-04,3,1480,stable
C1450,2022-12-05,3,1357,stable
C1451,2023-10-23,2,1035,stable
C1452,2025-01-09,2,591,stable
C1453,2023-01-09,2,1322,drift
C1454,2024-09-02,2,720,stable
C1455,2023-12-11,1,986,stable
C1456,2025-05-08,1,472,drift
C1457,2023-04-11,1,1230,stable
C1458,2025-01-17,2,583,stable
C1459,2025-07-15,1,404,high_return
C1460,2023-05-04,2,1207,stable
C1461,2022-02-16,3,1649,stable
C1462,2025-08-04,1,384,stable
C1463,2024-02-17,2,918,stable
C1464,2024-11-05,2,656,stable
C1465,2023-12-12,3,985,stable
C1466,2023-02-05,3,1295,stable
C1467,2024-09-07,3,715,stable
C1468,2025-01-14,3,586,stable
C1469,2022-09-07,1,1446,stable
C1470,2023-01-26,3,1305,stable
C1471,2022-12-01,3,1361,stable
C1472,2023-09-21,1,1067,stable
C1473,2022-05-17,3,1559,stable
C1474,2024-06-01,1,813,stable
C1475,2023-11-19,2,1008,stable
C1476,2024-04-06,1,869,high_return
C1477,2023-12-28,2,969,stable
C1478,2023-08-17,2,1102,stable
C1479,2025-05-31,2,449,stable
C1480,2024-09-16,2,706,high_return
C1481,2023-01-07,1,1324,stable
C1482,2024-07-23,3,761,stable
C1483,2024-09-21,1,701,stable
C1484,2023-02-06,2,1294,stable
C1485,2023-09-07,3,1081,stable
C1486,2025-07-20,3,399,stable
C1487,2025-03-28,2,513,drift
C1488,2025-03-21,3,520,stable
C1489,2024-09-21,3,701,stable
C1490,2023-09-12,3,1076,high_return
C1491,2022-07-07,2,1508,stable
C1492,2025-01-26,1,574,stable
C1493,2022-05-11,1,1565,stable
C1494,2024-03-15,1,891,stable
C1495,2025-04-09,2,501,stable
C1496,2024-07-24,1,760,stable
C1497,2024-09-12,2,710,stable
C1498,2022-07-02,1,1513,stable
C1499,2024-09-09,1,713,stable
C1500,2022-12-30,3,1332,stable
C1501,2022-02-08,2,1657,stable
C1502,2023-05-12,1,1199,stable
C1503,2025-10-04,3,323,stable
C1504,2024-09-08,1,714,stable
C1505,2024-07-09,2,775,high_return
C1506,2025-11-21,3,275,stable
C1507,2023-12-23,1,974,stable
C1508,2025-03-30,3,511,stable
C1509,2022-01-16,2,1680,stable
C1510,2023-05-08,2,1203,stable
C1511,2025-12-20,1,246,stable
C1512,2025-02-05,1,564,stable
C1513,2024-06-12,3,802,stable
C1514,2022-11-07,1,1385,stable
C1515,2024-01-09,2,957,stable
C1516,2025-04-08,2,502,stable
C1517,2023-06-30,2,1150,stable
C1518,2023-02-18,1,1282,stable
C1519,2022-09-08,1,1445,stable
C1520,2024-01-29,2,937,stable
C1521,2025-03-10,1,531,stable
C1522,2025-07-21,1,398,stable
C1523,2025-12-10,1,256,stable
C1524,2024-11-28,2,633,stable
C1525,2024-03-24,3,882,stable
C1526,2022-01-29,1,1667,stable
C1527,2024-08-15,1,738,high_return
C1528,2023-04-22,1,1219,stable
C1529,2022-11-14,2,1378,stable
C1530,2022-09-02,2,1451,stable
C1531,2024-01-18,2,948,stable
C1532,2023-11-28,3,999,high_return
C1533,2022-09-29,2,1424,stable
C1534,2025-06-16,3,433,stable
C1535,2023-01-12,3,1319,stable
C1536,2022-09-23,1,1430,stable
C1537,2024-07-14,1,770,stable
C1538,2024-07-09,1,775,stable
C1539,2025-10-14,1,313,stable
C1540,2022-12-06,3,1356,stable
C1541,2023-01-24,2,1307,stable
C1542,2023-07-31,1,1119,high_return
C1543,2022-01-03,3,1693,stable
C1544,2025-12-23,2,243,stable
C1545,2025-03-11,1,530,stable
C1546,2023-01-11,1,1320,stable
C1547,2022-11-20,2,1372,stable
C1548,2022-05-26,3,1550,stable
C1549,2022-10-20,1,1403,stable
C1550,2023-03-08,1,1264,high_return
C1551,2023-12-06,2,991,stable
C1552,2024-08-06,1,747,stable
C1553,2023-08-08,2,1111,stable
C1554,2023-02-03,2,1297,stable
C1555,2024-03-27,1,879,stable
C1556,2025-09-29,3,328,stable
C1557,2024-08-21,2,732,stable
C1558,2025-03-09,1,532,drift
C1559,2022-07-06,2,1509,stable
C1560,2022-03-02,3,1635,stable
C1561,2024-07-27,2,757,stable
C1562,2025-11-04,1,292,stable
C1563,2023-12-11,3,986,stable
C1564,2024-03-17,2,889,stable
C1565,2025-09-04,1,353,stable
C1566,2025-08-18,1,370,stable
C1567,2025-09-29,1,328,stable
C1568,2022-01-11,3,1685,stable
C1569,2024-12-21,1,610,stable
C1570,2022-08-14,1,1470,stable
C1571,2025-03-22,3,519,stable
C1572,2023-07-18,1,1132,stable
C1573,2024-02-11,1,924,stable
C1574,2025-08-26,1,362,stable
C1575,2024-06-03,1,811,stable
C1576,2025-06-20,1,429,stable
C1577,2025-10-21,2,306,stable
C1578,2025-09-15,1,342,stable
C1579,2025-02-04,1,565,stable
C1580,2022-08-14,3,1470,stable
C1581,2024-04-04,2,871,stable
C1582,2022-08-06,2,1478,stable
C1583,2024-07-25,2,759,stable
C1584,2024-01-23,1,943,stable
C1585,2023-05-21,2,1190,stable
C1586,2022-09-16,2,1437,drift
C1587,2022-02-23,1,1642,stable
C1588,2024-12-06,3,625,stable
C1589,2023-12-28,1,969,stable
C1590,2023-11-20,3,1007,stable
C1591,2025-01-27,1,573,stable
C1592,2024-11-09,3,652,stable
C1593,2023-02-23,2,1277,stable
C1594,2023-11-21,3,1006,stable
C1595,2024-04-29,1,846,stable
C1596,2022-03-03,2,1634,stable
C1597,2025-03-14,2,527,stable
C1598,2022-08-04,2,1480,stable
C1599,2022-01-03,2,1693,stable
C1600,2022-06-09,2,1536,high_return
C1601,2024-02-20,2,915,high_return
C1602,2025-02-17,1,552,stable
C1603,2024-06-11,2,803,stable
C1604,2025-01-17,1,583,high_return
C1605,2022-11-25,3,1367,stable
C1606,2023-08-03,2,1116,stable
C1607,2025-10-12,3,315,high_return
C1608,2025-07-14,1,405,stable
C1609,2024-08-09,3,744,stable
C1610,2025-09-08,3,349,stable
C1611,2023-09-27,2,1061,stable
C1612,2024-09-14,2,708,stable
C1613,2025-05-03,1,477,stable
C1614,2024-07-09,3,775,stable
C1615,2024-01-08,2,958,stable
C1616,2025-09-17,1,340,stable
C1617,2022-06-19,1,1526,stable
C1618,2023-06-05,3,1175,stable
C1619,2022-02-09,3,1656,high_return
C1620,2025-07-08,3,411,stable
C1621,2025-11-19,2,277,stable
C1622,2024-08-12,1,741,stable
C1623,2025-06-03,1,446,stable
C1624,2024-09-10,1,712,stable
C1625,2025-02-21,1,548,stable
C1626,2024-09-01,1,721,stable
C1627,2022-02-07,1,1658,stable
C1628,2022-11-24,2,1368,stable
C1629,2025-06-28,3,421,stable
C1630,2025-04-14,2,496,stable
C1631,2024-07-02,3,782,stable
C1632,2023-03-30,2,1242,stable
C1633,2022-02-06,1,1659,stable
C1634,2025-09-01,1,356,high_return
C1635,2024-08-30,1,723,stable
C1636,2024-03-06,1,900,stable
C1637,2024-08-30,2,723,stable
C1638,2023-08-16,1,1103,stable
C1639,2025-02-11,1,558,stable
C1640,2024-11-29,1,632,stable
C1641,2025-08-17,3,371,stable
C1642,2022-08-12,3,1472,stable
C1643,2022-11-14,2,1378,stable
C1644,2022-12-15,1,1347,stable
C1645,2022-04-25,3,1581,stable
C1646,2023-11-29,3,998,stable
C1647,2025-09-08,2,349,stable
C1648,2024-11-29,3,632,stable
C1649,2022-02-09,1,1656,stable
C1650,2025-08-05,3,383,stable
C1651,2025-07-09,3,410,high_return
C1652,2022-08-04,1,1480,stable
C1653,2025-03-16,2,525,stable
C1654,2022-12-02,3,1360,stable
C1655,2025-04-06,1,504,stable
C1656,2022-04-02,2,1604,stable
C1657,2022-12-19,3,1343,stable
C1658,2023-07-25,2,1125,stable
C1659,2024-03-26,1,880,stable
C1660,2024-02-20,2,915,stable
C1661,2022-12-29,1,1333,stable
C1662,2023-07-11,2,1139,stable
C1663,2025-09-30,1,327,stable
C1664,2025-04-08,2,502,stable
C1665,2022-12-22,2,1340,stable
C1666,2022-07-10,2,1505,stable
C1667,2023-02-26,2,1274,stable
C1668,2023-12-01,2,996,stable
C1669,2022-01-07,2,1689,stable
C1670,2022-05-13,1,1563,high_return
C1671,2023-07-11,2,1139,stable
C1672,2024-04-05,1,870,stable
C1673,2024-01-31,3,935,stable
C1674,2024-11-20,1,641,stable
C1675,2023-06-19,2,1161,high_return
C1676,2023-03-02,2,1270,stable
C1677,2025-11-18,2,278,stable
C1678,2023-11-03,1,1024,stable
C1679,2022-12-29,2,1333,stable
C1680,2025-12-31,2,235,high_return
C1681,2022-03-23,2,1614,stable
C1682,2022-12-22,1,1340,high_return
C1683,2025-07-05,2,414,stable
C1684,2023-08-12,2,1107,stable
C1685,2022-10-22,2,1401,stable
C1686,2025-06-01,2,448,stable
C1687,2024-12-05,2,626,stable
C1688,2025-02-10,1,559,stable
C1689,2025-06-10,1,439,stable
C1690,2022-01-17,1,1679,stable
C1691,2022-12-26,1,1336,stable
C1692,2025-05-31,2,449,stable
C1693,2024-05-15,2,830,stable
C1694,2023-12-01,1,996,stable
C1695,2023-03-24,3,1248,stable
C1696,2024-05-05,1,840,stable
C1697,2022-12-31,3,1331,stable
C1698,2023-11-06,2,1021,stable
C1699,2024-10-04,1,688,stable
C1700,2025-09-11,1,346,stable
C1701,2023-04-12,2,1229,stable
C1702,2023-02-18,1,1282,drift
C1703,2023-08-09,3,1110,stable
C1704,2025-06-10,2,439,stable
C1705,2025-06-01,3,448,stable
C1706,2024-09-20,1,702,stable
C1707,2025-12-06,2,260,stable
C1708,2023-07-26,2,1124,stable
C1709,2022-12-01,2,1361,stable
C1710,2025-05-30,1,450,high_return
C1711,2022-02-06,2,1659,stable
C1712,2024-09-15,2,707,stable
C1713,2022-10-05,2,1418,stable
C1714,2025-05-04,1,476,stable
C1715,2024-07-04,3,780,high_return
C1716,2023-04-29,1,1212,stable
C1717,2025-06-19,3,430,stable
C1718,2025-09-09,3,348,stable
C1719,2024-01-01,3,965,stable
C1720,2022-07-11,2,1504,high_return
C1721,2024-11-06,2,655,stable
C1722,2023-06-08,3,1172,stable
C1723,2024-07-06,1,778,drift
C1724,2023-02-05,2,1295,high_return
C1725,2024-06-04,2,810,stable
C1726,2023-12-06,2,991,stable
C1727,2022-01-22,1,1674,stable
C1728,2023-04-19,2,1222,stable
C1729,2025-02-17,3,552,stable
C1730,2022-07-29,1,1486,stable
C1731,2022-11-02,3,1390,stable
C1732,2025-07-17,1,402,stable
C1733,2023-12-05,1,992,stable
C1734,2023-11-18,1,1009,stable
C1735,2022-10-12,1,1411,stable
C1736,2023-12-17,3,980,stable
C1737,2024-02-02,1,933,stable
C1738,2025-06-04,2,445,stable
C1739,2024-08-05,1,748,stable
C1740,2023-01-16,2,1315,stable
C1741,2023-04-05,2,1236,stable
C1742,2024-10-27,1,665,stable
C1743,2022-01-29,1,1667,stable
C1744,2024-06-25,3,789,stable
C1745,2024-11-22,1,639,stable
C1746,2024-05-28,2,817,stable
C1747,2022-03-20,1,1617,high_return
C1748,2024-08-04,3,749,stable
C1749,2023-04-04,1,1237,stable
C1750,2023-07-24,2,1126,high_return
C1751,2025-12-24,1,242,stable
C1752,2024-01-08,3,958,stable
C1753,2025-08-01,1,387,stable
C1754,2023-05-31,3,1180,high_return
C1755,2025-01-27,2,573,stable
C1756,2023-02-01,1,1299,stable
C1757,2022-02-08,3,1657,stable
C1758,2025-07-18,1,401,stable
C1759,2024-06-05,3,809,stable
C1760,2024-03-07,3,899,stable
C1761,2022-06-06,3,1539,stable
C1762,2025-01-03,1,597,stable
C1763,2024-06-02,3,812,stable
C1764,2025-02-27,2,542,stable
C1765,2024-08-31,3,722,stable
C1766,2025-01-12,2,588,stable
C1767,2024-11-11,3,650,stable
C1768,2024-04-28,2,847,stable
C1769,2025-11-06,2,290,stable
C1770,2024-01-18,1,948,stable
C1771,2024-09-15,3,707,stable
C1772,2022-01-21,2,1675,stable
C1773,2022-10-30,2,1393,stable
C1774,2024-05-18,3,827,stable
C1775,2022-03-25,2,1612,high_return
C1776,2025-11-11,1,285,drift
C1777,2025-07-04,2,415,stable
C1778,2023-07-24,2,1126,stable
C1779,2024-07-22,2,762,stable
C1780,2025-03-31,1,510,stable
C1781,2025-04-01,1,509,stable
C1782,2024-10-05,1,687,drift
C1783,2024-03-03,2,903,stable
C1784,2024-03-02,1,904,drift
C1785,2025-07-18,2,401,stable
C1786,2023-05-07,3,1204,stable
C1787,2022-07-27,1,1488,stable
C1788,2024-12-19,2,612,stable
C1789,2023-03-06,3,1266,stable
C1790,2024-09-11,3,711,stable
C1791,2025-08-25,2,363,stable
C1792,2023-06-04,2,1176,stable
C1793,2023-08-14,3,1105,stable
C1794,2024-11-16,2,645,stable
C1795,2022-07-18,3,1497,stable
C1796,2023-01-22,1,1309,stable
C1797,2022-12-15,3,1347,drift
C1798,2024-08-17,2,736,stable
C1799,2023-11-24,2,1003,stable
C1800,2023-01-13,1,1318,stable
C1801,2024-06-17,2,797,stable
C1802,2024-07-04,1,780,stable
C1803,2023-06-11,3,1169,stable
C1804,2025-03-22,3,519,stable
C1805,2024-01-04,1,962,stable
C1806,2022-07-25,3,1490,stable
C1807,2023-03-31,3,1241,high_return
C1808,2025-07-20,2,399,drift
C1809,2025-06-13,1,436,stable
C1810,2023-06-05,1,1175,stable
C1811,2024-10-13,1,679,stable
C1812,2024-08-13,1,740,stable
C1813,2023-12-27,3,970,stable
C1814,2024-10-10,1,682,stable
C1815,2023-05-16,3,1195,drift
C1816,2022-04-27,1,1579,high_return
C1817,2023-01-21,2,1310,stable
C1818,2025-09-29,3,328,stable
C1819,2023-08-07,3,1112,stable
C1820,2023-01-30,1,1301,stable
C1821,2024-12-23,2,608,stable
C1822,2023-12-22,2,975,stable
C1823,2022-03-13,1,1624,high_return
C1824,2022-10-01,1,1422,stable
C1825,2025-09-05,2,352,stable
C1826,2022-12-04,2,1358,stable
C1827,2025-10-21,2,306,stable
C1828,2023-08-30,1,1089,stable
C1829,2022-06-15,2,1530,stable
C1830,2022-01-11,2,1685,stable
C1831,2025-08-17,2,371,stable
C1832,2023-12-30,3,967,stable
C1833,2024-03-11,2,895,high_return
C1834,2022-04-12,3,1594,stable
C1835,2025-12-19,1,247,stable
C1836,2025-11-16,2,280,stable
C1837,2024-02-18,1,917,stable
C1838,2022-08-02,2,1482,stable
C1839,2025-01-16,2,584,drift
C1840,2023-02-05,3,1295,high_return
C1841,2023-08-11,1,1108,stable
C1842,2024-06-07,2,807,stable
C1843,2024-12-05,2,626,stable
C1844,2023-08-15,1,1104,stable
C1845,2025-08-26,1,362,stable
C1846,2025-01-14,1,586,stable
C1847,2022-04-02,1,1604,stable
C1848,2023-11-04,1,1023,stable
C1849,2023-12-15,1,982,stable
C1850,2024-07-24,1,760,high_return
C1851,2022-08-30,2,1454,stable
C1852,2022-01-02,2,1694,stable
C1853,2022-08-13,3,1471,stable
C1854,2024-03-11,2,895,stable
C1855,2023-08-12,3,1107,stable
C1856,2022-04-26,3,1580,stable
C1857,2024-07-06,2,778,high_return
C1858,2025-01-31,2,569,stable
C1859,2022-07-13,3,1502,stable
C1860,2025-04-04,1,506,stable
C1861,2024-05-20,1,825,stable
C1862,2022-03-31,2,1606,stable
C1863,2022-05-02,2,1574,high_return
C1864,2022-05-23,1,1553,stable
C1865,2024-09-20,3,702,stable
C1866,2022-04-16,2,1590,stable
C1867,2024-06-05,2,809,stable
C1868,2023-03-04,3,1268,high_return
C1869,2025-08-21,2,367,drift
C1870,2022-11-13,3,1379,stable
C1871,2023-09-27,2,1061,stable
C1872,2022-01-09,1,1687,stable
C1873,2024-02-13,3,922,stable
C1874,2025-01-01,2,599,high_return
C1875,2025-10-14,3,313,stable
C1876,2022-08-11,3,1473,stable
C1877,2025-12-10,3,256,stable
C1878,2023-07-07,2,1143,stable
C1879,2025-10-25,3,302,stable
C1880,2023-12-17,2,980,stable
C1881,2025-07-11,2,408,stable
C1882,2025-09-03,3,354,stable
C1883,2025-01-12,1,588,stable
C1884,2025-09-03,2,354,stable
C1885,2022-04-21,3,1585,stable
C1886,2022-09-08,2,1445,stable
C1887,2023-01-18,2,1313,stable
C1888,2022-01-07,3,1689,drift
C1889,2023-04-04,2,1237,stable
C1890,2025-01-12,3,588,stable
C1891,2022-07-27,1,1488,stable
C1892,2024-06-18,1,796,stable
C1893,2025-11-14,1,282,stable
C1894,2025-08-30,2,358,stable
C1895,2022-01-22,2,1674,stable
C1896,2023-02-14,3,1286,stable
C1897,2024-06-13,2,801,stable
C1898,2023-05-30,2,1181,stable
C1899,2025-02-24,1,545,stable
C1900,2024-03-19,2,887,stable
C1901,2024-05-23,2,822,stable
C1902,2022-01-14,1,1682,stable
C1903,2024-08-28,1,725,stable
C1904,2024-09-04,1,718,drift
C1905,2024-10-10,1,682,stable
C1906,2024-11-01,2,660,stable
C1907,2022-03-28,1,1609,stable
C1908,2024-06-27,2,787,stable
C1909,2025-08-17,3,371,stable
C1910,2025-06-20,2,429,stable
C1911,2022-05-02,3,1574,stable
C1912,2025-03-16,2,525,high_return
C1913,2024-01-20,2,946,stable
C1914,2025-10-11,3,316,stable
C1915,2023-11-16,1,1011,stable
C1916,2022-11-05,3,1387,stable
C1917,2023-11-26,1,1001,stable
C1918,2022-10-15,2,1408,stable
C1919,2022-11-03,1,1389,stable
C1920,2024-07-02,2,782,drift
C1921,2023-10-24,2,1034,stable
C1922,2023-07-03,2,1147,stable
C1923,2025-10-07,1,320,high_return
C1924,2022-11-08,1,1384,stable
C1925,2024-05-22,1,823,stable
C1926,2024-12-18,1,613,high_return
C1927,2024-07-12,3,772,stable
C1928,2024-01-25,1,941,high_return
C1929,2022-02-04,3,1661,stable
C1930,2023-03-21,3,1251,stable
C1931,2022-04-03,1,1603,high_return
C1932,2025-05-15,2,465,stable
C1933,2022-12-19,1,1343,stable
C1934,2024-06-21,1,793,stable
C1935,2025-09-17,1,340,drift
C1936,2024-05-11,2,834,stable
C1937,2022-06-08,2,1537,stable
C1938,2024-08-14,2,739,stable
C1939,2022-01-24,2,1672,stable
C1940,2023-02-08,1,1292,stable
C1941,2024-03-15,2,891,stable
C1942,2023-05-31,3,1180,stable
C1943,2024-01-02,1,964,stable
C1944,2025-10-19,1,308,stable
C1945,2025-11-06,2,290,stable
C1946,2023-06-16,1,1164,stable
C1947,2024-08-13,2,740,high_return
C1948,2022-06-01,1,1544,stable
C1949,2024-08-04,1,749,stable
C1950,2023-08-31,1,1088,stable
C1951,2023-02-24,1,1276,stable
C1952,2025-06-27,2,422,stable
C1953,2025-02-14,2,555,stable
C1954,2024-05-15,3,830,stable
C1955,2023-08-01,3,1118,high_return
C1956,2022-12-01,2,1361,stable
C1957,2025-12-12,3,254,stable
C1958,2024-07-20,1,764,stable
C1959,2022-10-22,2,1401,high_return
C1960,2024-01-25,2,941,stable
C1961,2025-10-26,1,301,stable
C1962,2022-07-05,2,1510,stable
C1963,2025-06-23,1,426,stable
C1964,2023-09-29,2,1059,stable
C1965,2025-07-15,3,404,stable
C1966,2025-06-14,3,435,high_return
C1967,2023-06-14,2,1166,drift
C1968,2022-01-21,2,1675,stable
C1969,2024-06-29,2,785,high_return
C1970,2024-05-16,2,829,stable
C1971,2024-03-04,1,902,stable
C1972,2022-04-10,2,1596,stable
C1973,2024-01-22,2,944,stable
C1974,2023-04-23,3,1218,stable
C1975,2025-08-14,2,374,stable
C1976,2024-07-28,2,756,stable
C1977,2023-06-10,2,1170,stable
C1978,2022-11-30,2,1362,stable
C1979,2022-01-02,2,1694,stable
C1980,2023-01-10,1,1321,stable
C1981,2022-10-20,2,1403,stable
C1982,2024-04-16,3,859,high_return
C1983,2024-10-01,2,691,stable
C1984,2023-07-07,1,1143,stable
C1985,2022-11-14,2,1378,high_return
C1986,2023-01-16,3,1315,stable
C1987,2022-01-14,1,1682,stable
C1988,2023-05-19,3,1192,stable
C1989,2022-08-19,3,1465,stable
C1990,2025-01-12,2,588,stable
C1991,2022-05-10,3,1566,stable
C1992,2024-04-17,3,858,stable
C1993,2025-03-14,3,527,stable
C1994,2024-06-09,2,805,stable
C1995,2022-01-28,1,1668,stable
C1996,2022-03-07,1,1630,stable
C1997,2025-04-01,2,509,stable
C1998,2025-06-06,1,443,stable
C1999,2022-09-18,2,1435,stable
C2000,2025-12-18,3,248,stable
